Year,Total_Returns,AgeClass_1.1,AgeClass_1.3,AgeClass_2.1,AgeClass_2.2,AgeClass_2.3,AgeClass_3.1,AgeClass_3.2,Total_Returns_NextYear,Pacea_ALPI_Anomaly,npi_mean_NovMar,oni_mean_DecFeb,mei_mean_AprSep,npgo_mean_DecFeb,ao_mean_DecMar,pdo_mean_DecMar,pdo_mean_MaySep,sst_aprjul,sst_anom,sss_mayaug,total_spawners_y_minus_2,total_spawners_y_minus_3,total_spawners_y_minus_4,total_spawners_y_minus_2_to_4
2017,87693.0,11400.0,32300.0,629.0,351.0,0.0,0.0,0.0,193816.0,-2.51,1010.256,26.356666666666666,-0.39,-0.81415251,1.10825,0.1575,-0.1,13.043886423110962,0.3112691662528295,28.956254518949063,510706.0,614179.0,185505.0,1310390.0
2018,193816.0,696.0,3208.0,2294.0,1816.0,0.0,476.0,78.0,63046.0,-2.2,1012.978,25.793333333333333,-0.2916666666666667,-2.1559666666666666,-0.292,-0.1149999999999999,-0.342,13.323981761932371,0.5913645050742407,29.36031913757325,342498.0,510706.0,614179.0,1467383.0
2019,63046.0,34333.0,763.0,14092.0,2896.0,41.0,41.0,0.0,341739.0,1.25,1009.398,27.47,0.2766666666666666,-1.5390468766666667,0.6655000000000001,-0.4175,0.166,13.077645301818848,0.3450280449607152,29.92383546095628,87693.0,342498.0,510706.0,940897.0
2020,341739.0,2943.0,591.0,409.0,682.0,0.0,0.0,0.0,151765.0,-2.05,1011.762,27.22,-0.6849999999999999,-2.1876051333333333,2.22225,-1.16,-0.914,12.927444458007812,0.1948272011496801,29.657725517566387,193816.0,87693.0,342498.0,624007.0
2021,151765.0,41393.0,20844.0,1437.0,988.0,0.0,0.0,0.0,663253.0,0.67,1010.636,25.65333333333333,-1.1966666666666668,-1.0642314366666668,-0.8255,-1.09,-1.754,12.571558713912964,-0.1610585429451685,31.033602421100323,63046.0,193816.0,87693.0,344555.0
2022,663253.0,13084.0,14244.0,4224.0,2773.0,0.0,0.0,0.0,327600.0,-0.47,1010.524,25.746666666666663,-1.7983333333333331,-1.8655508666666665,0.72375,-2.1725,-2.174,12.383915185928345,-0.3487020709297876,31.78785214057336,341739.0,63046.0,193816.0,598601.0
2023,327600.0,30066.0,33729.0,744.0,13943.0,0.0,0.0,0.0,755909.0,-0.0181204112693342,1011.92,26.063333333333333,0.2816666666666667,-1.9729653666666669,-0.37825,-1.8875,-2.586,12.512492179870604,-0.2201250769875269,31.83534475473257,151765.0,341739.0,63046.0,556550.0
