River_Name,Model,Prediction
Alagnak,LR,5484220.382608771
Egegik,LR,6471011.513008976
Igushik,PR,2653725.5459775757
Kvichak,PR,8636944.478970474
Naknek,LR,5374251.957132039
Nushagak,GBRT,6686193.810797362
Ugashik,LR,8548516.060603894
Bonneville Lock & Dam,LR,153427.77640511096
Chilko,LR,1148870.1579199904
Late Stuart,LR,329776.79039691255
Quesnel,XGB,423715.71875
Raft,GBRT,26692.44130291757
Stellako,LR,114148.24922387567
Wood,RF,11063163.656263469
